{
    "model": "nateraw/vit-age-classifier",
    "accuracy": 0.7666666666666667,
    "classes": [
        "0-2",
        "3-9",
        "10-19",
        "20-29",
        "30-39",
        "40-49",
        "50-59",
        "60-69",
        "70+"
    ],
    "precision": [
        0.8314087759815243,
        0.6843065693430657,
        0.7587548638132295,
        0.830078125,
        0.8183632734530938,
        0.79,
        0.6998158379373849,
        0.6899810964083176,
        0.8333333333333334
    ],
    "recall": [
        0.72,
        0.75,
        0.78,
        0.85,
        0.82,
        0.79,
        0.76,
        0.73,
        0.7
    ],
    "f1_score": [
        0.7717041800643086,
        0.7156488549618321,
        0.7692307692307693,
        0.8399209486166008,
        0.8191808191808192,
        0.79,
        0.7286673058485139,
        0.7094266277939747,
        0.7608695652173914
    ],
    "support": [
        500,
        500,
        500,
        500,
        500,
        500,
        500,
        500,
        500
    ],
    "confusion_matrix": [
        [
            360,
            101,
            39,
            0,
            0,
            0,
            0,
            0,
            0
        ],
        [
            63,
            375,
            51,
            3,
            2,
            3,
            1,
            1,
            1
        ],
        [
            1,
            64,
            390,
            39,
            1,
            2,
            0,
            1,
            2
        ],
        [
            0,
            0,
            29,
            425,
            40,
            2,
            1,
            0,
            3
        ],
        [
            1,
            3,
            0,
            40,
            410,
            42,
            0,
            2,
            2
        ],
        [
            2,
            2,
            2,
            1,
            47,
            395,
            45,
            2,
            4
        ],
        [
            2,
            2,
            2,
            3,
            1,
            55,
            380,
            52,
            3
        ],
        [
            4,
            1,
            1,
            1,
            0,
            1,
            72,
            365,
            55
        ],
        [
            0,
            0,
            0,
            0,
            0,
            0,
            44,
            106,
            350
        ]
    ]
}